file_name,folder_name,submissions,weight,text,date,year_month
10-21-19 Abajian et al.pdf,Comments Received After Field Review,1,1.7363341326710127e-05,"September 16, 2019
The Honorable Tony Thurmond
California Superintendent of Public Instruction
California Department of Education
1430 N Street, Suite 5602
Sacramento, CA 95814-5901
Dear Superintendent Thurmond,
The undersigned members of the ​Armenian American School Board Association​ strongly urge
that the Armenian American experience be included in the proposed California Ethnic Studies Model
Curriculum.
Armenians have had a long history of immigration to the United States and experiences of
racialization and marginalization, similar to many other immigrant communities and ethnic and
linguistic minorities. From the early immigration of Armenians to the Central Valley as refugees of
the genocide of the Ottoman Empire, to the emigration of Armenians from the former Soviet Union,
the Republic of Armenia, Iran and war-torn countries such as Syria, Lebanon, and Iraq, Armenians
make up a significant ethnic group in California. In fact, California currently has the largest
population of Armenians in the world outside of Armenia. For this reason, it is imperative that
Armenian American students see themselves as part of the larger California community and see
their experiences reflected in the California Ethnic Studies Model Curriculum.
The Armenian-American experience in the United States has grappled with issues of refugeehood,
erasure, immigration, and marginalization. Many Armenian American students are immigrants,
children of immigrants and English Language Learners. They have been subjected to discriminatory
practices and what Dr. Angela Valenzuela calls as “subtractive schooling”- assimilation through
deculturalization. Most of us Armenian American school board members have had these same
experiences when we ourselves were students in California public schools.
As educators and school board members, we understand the importance of having students see
themselves, their histories and identities reflected and affirmed in the curriculum. Also, we believe
that it is important for all students to learn about the experiences of other racial and ethnic groups to
build tolerance, mutual respect, and understanding. We strongly support the Model Ethnic Studies
Curriculum but we insist that the Armenian American experience be included in a meaningful way.
We would be glad to provide you with the names and contact information of scholars who are
working in this field and who would be willing to help write the Armenian American portion of the
Model Curriculum.
We thank you in advance for your consideration.
Sincerely,

Page 1 of 2

Dr. Suzie Abajian
School Board President
South Pasadena Unified School District
Dr. Armond Aghakhanian
School Board Vice President
Burbank Unified School District
Dr. Armina Gharpetian
School Board Vice President
Glendale Unified School District
Shant Sahakian
School Board Clerk
Glendale Unified School District
Nayiri Nahabedian
School Board Member
Glendale Unified School District
Gregory S. Krikorian
School Board Member
Glendale Unified School District

Kaitzer Puglia
School Board Member
La Canada Unified School District
Vruyr ​(​Roy) Boulghourjian
School Board Member
Pasadena Unified School District
Paul Naccachian
Former School Board Member
Azusa Unified School District

www.armenianschoolboard.org

Page 2 of 2

",2019-10-21,2019-10
10-21-19 Coodley.pdf,Comments Received After Field Review,1,1.7363341326710127e-05,"80 Harvard
Napa, CA
August 30, 2019

To: California Board of Education

Lam offering my opinion about the purposed ethnic studies curriculum in California. 1
write as someone who pioneered ethnic.arid women’s studies at the community college where I
worked in the 70’s and 80’s. Our committee, a group of women’s studies and éthnic scholars,
’ organized against a recalcitrant administration. Many times we were offered the chance to have
either ethnic:studies or: women’s studies as a requirement, but we refused to pit one.against the
other.

The reason that we wanted women’s studies. was as urgent as it is today. Girls and
women suffer from an epidemic of issues related to low self-esteem. Girls and women are targets
of sexual assault and partner violence. Girls and women lose their confidence in adolescence-and
enter into self-harming. behaviors or relationships. Girls and women have no idea of their own
history as a gender, which they are not.taught-ini elementary or high school.

I received hundreds of essays testifying to. the therapeutic effects of women’s studies on
the lives of girls, women, and'men. | have seen. students. change their lives as a result-of what
they’ve learned in classes, We will never'solve the problem of gender equality until we teach its
history.

Our group was ultimately successful in getting-a requirement that included both ethnicity
and gender. Based on my 35 years of teaching. women’s studies to first generation students, I
implore you to include this.as part of your new requirement.

Sincerely,

Lauren Coodley

Professor of History Emeritus

Napa Valley College State Superintendent

of Public Instruction
Division Chair of Social Sciences, 2004-2009

[arn (oll

har Merstsetr
gry Po ons
",2019-10-21,2019-10
10-15-19 Jeung et al.pdf,Comments Received After Field Review,1,1.7363341326710127e-05,"October 14, 2019

Instructional Quality Commission
California Department of Education
1430 N Street
Sacramento, CA 95814-5901
Re: APIs for Ethnic Studies’ Statement on the Disciplinary Boundaries of Ethnic Studies
Dear Committee Members:
We, as directors and chairs of Asian American Studies and Ethnic Studies programs in Northern
California, wish to provide input as you consider California’s Model Ethnic Curriculum. Specifically, we
express our support for the inclusion of Arab American and Pacific Islander Studies as an extension of
Asian American Studies.
Asian American Studies (AAS) has been an academic discipline for the past fifty years, addressing the
unique voices, histories, humanities, and issues of this broad, racialized group. Emerging from the Black
Student Union/Third World Liberation Front strike at SF State University, the founders of Asian American
Studies challenged the twin evils of racism at home and militarism abroad. As this discipline has grown,
it has come to encompass more groups and topics, and to develop its own theories and methodologies.
AAS is partnering with Pacific Islander and Arab American communities in its scholarship because of our
shared regional and social experiences including 1) Orientalization (as coined by Arab American
intellectual, Edward Said); 2) discrimination and stereotyping as nonwhites, and 3) colonization of our
lands, cultures, and peoples. As a politicized grouping—as seen in the federal designation of Asian
American Native American Pacific Islander serving institutions (AANAPISI)—we work in education to
empower our respective communities, fight for social justice, and effect societal change. Thus, our
courses learning outcomes reflect this mission across campuses.
Another example of the expansion of Asian American Studies is the faculty position for both Asian
American Studies and Critical Pacific Islands and Oceania Studies at SF State University. Prof. Ponipate
Rokoluketu teaches in both programs, and our courses will be linked.
Since its founding, AAS has aligned itself with its fellow disciplines in Ethnic Studies: American Indian
Studies, Africana/Black Studies, and Chicano/ Latinx, i groups that have been racialized as nonwhites and
part of the common struggle for racial justice and equity. In 1972, AAS scholars played a significant role
in the establishment of National Association of Interdisciplinary Studies for Native American, Black,
Chicano, Puerto Rican, and Asian Americans (renamed the Association of Ethnic Studies in 2017). In
California, AAS has also been constituent program in the broader field of Ethnic Studies.
For instance, in 1992 the CSU Council of Ethnic Studies first convened with an AAS representative as a
constituent member to respond to the Los Angeles riots and to improve race relations. At that meeting,
this council reaffirmed that Ethnic Studies should focus on the experiences of people of color through

the four original racialized groups. At the campus level, in 2002 the Master’s program of Asian American
Studies at CSU Long Beach was threatened to be cut. This program worked in solidarity with other
programs; it fought to keep the Department of Africana Studies from being downgraded to only a
program, and to keep Native American Studies from being folded into the Department of History.
Similarly, by extending AAS to the experiences of our Pacific Islander and Arab American counterparts,
we are enriching our discipline while demonstrating much-needed solidarity with communities from our
region that are inadequately represented in courses across California.
Thank you again for your hard work, and we would appreciate forwarding our suggestions to the
Department of Education and the state legislature.
Prof. Russell Jeung
Chair, San Francisco State University AAS

Prof. Robyn Rodriguez
Chair, UC Davis AAS

Prof. Genevieve Leung
Chair, on behalf of the University of San Francisco Asian Pacific American Studies
Prof. Angie Fa
Chair, City College of San Francisco AAS
Titles and Institutions for Identification Purposes
Cc: Assemblymember Shirley Weber; Dr. Allyson Tintiangco-Cubales

The CSU Task Force on the Advancement of Ethnic Studies defines the field as “the study of race and ethnicity
anchored in the histories and philosophies, from the perspective of and in the service of the community-based
needs, of people of color... It will address the intersectionality of race and ethnicity with gender, sexuality,
disability, and other areas from the perspective of ethnic studies; however, will not speak about or for allied
disciplines.” Report of the CSU Task Force on the Advancement of Ethnic Studies, 2016.

i

",2019-10-15,2019-10
10-21-19 Ashborn.pdf,Comments Received After Field Review,1,1.7363341326710127e-05,"From: Alexandra Ashborn
Sent: Saturday, October 19, 2019 10:15 AM
To: Ethnic Studies
Subject: Voice
Please include in your ethnics studies,
Swedish, Finnish, Dutch, European native Ethnic Studies pre 1900, prior to Bolshevik
interference.
Leaving Europeans out of the cirruculeum is RACIST, UNINTELLECTUAL and
deliberately politically driven.

Alexandra Ashborn
Please, call me anytime to discuss not including Europe's fine characteristics as you do
other ethnic groups. This is a Racist Policy.

",2019-10-21,2019-10
10-9-19 Billings.pdf,Comments Received After Field Review,1,1.7363341326710127e-05,"From: Heather Billings
Sent: Wednesday, October 9, 2019 4:14 PM
To: Ethnic Studies
Subject: Suggestions
Hello my name is Heather and I am a mother of two multicultural children who are in fourth and fifth
grade in Tulare County. I would very much like to see change in the curriculum especially after my
daughter's came home in tears after being taught that Santa Claus had a slave named Black Pete. I
would like the curriculum to have accurate factual African American history. There is so much history
that could be taught to the children that would benefit them instead of inaccuracies. I believe the
narrative needs to change instead of being taught that slaves were stolen from Africa they need to
change the language to say professionals, doctors lawyers, and teachers were stolen from Africa not
slaves they were not slaves to begin with. Why can't we teach them about the Moors and keep our own
US history accurate bye letting it be known that the first 16 presidents of this country were slave
owners. I'm tired of the only thing my kids being taught during black history month is about Martin
Luther King Jr. why can't they learn about the black man who created the street light the refrigerator I
can go on and on there's so much more to African American history in the United States besides Martin
Luther King and it's a shame that the same inaccurate things that I was taught are still being taught in
the school system in California. In the next 5 to 10 years there is going to be a huge number of
multicultural students entering the school system and I do not feel that the school districts are
prepared. Please put me on the email list or point me in the direction I need to go to get my concerns
heard. I have already contacted the NAACP and I've already had formal conferences with them.and our
superintendent that are on going regarding the Black Pete issue. Thank you I look forward to hearing
from you soon.
A concerned parent,
Heather Billings

",2019-10-09,2019-10
10-21-19 Huckabay.pdf,Comments Received After Field Review,1,1.7363341326710127e-05,"August 23, 2019

Honorable Mr. Tony Thurmond

State Superintendent of Public Instruction
P.O.B. 2145

Richmond, CA

94802

Dear Mr. Thurmond:

With great interest | read the article on “Education: Back lash spurs change to ethnic studies plan” that
was published in the Daily News newspaper on Thursday, August 15, 2019, pages 1 and 13.

The issue with ethnic studies courses at the high school or middle school levels, and even at the college
level is the criteria one uses to determine which cultures or ethnic groups should be included.
Additionally, how does one control for the biases that get introduced by the teachers’ own ethnicity
during instruction?

Instead, | would recommend a course in “CIVICS” be taught, where important concepts that transcend
all cultures and ethnicities be taught at different levels of depth depending upon the students’
educational level. These concepts could include civility; integrity; equality; justice; responsibility;
accountability; altruism; citizenship; honesty; respect for humans irrespective of age, nationality,
ethnicity and color; respect for animals, properties and the environment. | would also recommend that
the primary learning experience, especially for middle and high school students, be homework
assignments where each of these core values are addressed in weekly essays.

This is one of the most effective ways by which students will internalize these core values of life!
Respectfully,
Ais eech bent — 7
‘Lucy Huckabay, Ph.D.‘
State Superintendent
rd
625 23” Street of Public Instruction

Santa Monica, CA 90402
OCT 21

Ss
",2019-10-21,2019-10
10-23-19 Karian.pdf,Comments Received After Field Review,1,1.7363341326710127e-05,"From: Peter Karian
Sent: Tuesday, October 22, 2019 5:42 PM
To: IQC
Subject: Inclusion of the Armenian Experience in the Ethnic Studies Model Curriculum
Peter Karian
Laguna Niguel , CA
October 22, 2019
Dear Linda Darling-Hammond,
I am writing to encourage you to include the Armenian Experience in the Ethnic Studies
Model Curriculum.
Armenian Americans have been an integral part of our great state for over a century,
making immense contributions to our society. Last year we celebrated 400th
anniversary since the arrival of first Armenian to America.
California is home to over one and a half million Armenians, making up the largest
organized Diaspora community in the entire world. It is of paramount importance to me
and hundreds of thousands of our community members that California students get to
learn about the rich history and culture of our people that have enriched the diverse
mosaic of America. California high school students deserve an opportunity to learn the
role of ethnicity, race, and religion in the life of all its citizens, including and especially
those previously ignored.
As you might well know, ever since the Armenian Genocide, Armenians have had to
flee their historic homeland. Our ancestors had to go to places where they were
accepted and treated equally and well. This is the reason why California has the largest
Armenian population outside of Armenia - because of all the opportunity, freedom, and
equality. The current model curriculum does not do justice to the Armenian Americans
and other minorities living in the state. Therefore, I urge you to adopt a new and revised
model curriculum which will be inclusive to all Californians and for California to continue
its long history and tradition of being a model state for others to follow.
Thank you for your consideration of this important request.
For more information and further assistance with providing with materials and expertise
to include the Armenian Americans, please feel free to contact the Armenian National
Committee of America - Western Region at (818) 500-1918 or info@anca.org. The
organizations&#039; Education Committee is ready to assist with anything necessary to
ensure that our community is also included in the final version of the model curriculum.
Sincerely,
Peter Karian

",2019-10-23,2019-10
10-14-19 Drapkin.pdf,Comments Received After Field Review,1,1.7363341326710127e-05,"Public Input Template–2020 Ethnic Studies Model Curriculum
May 2019 Draft
(Download and use to provide specific recommendations)
Include the chapter of the model curriculum, the page number, and line number(s) to ensure that the California
Department of Education and Instructional Quality Commission can reference the content of the document when
reviewing your comments. Please email this document as a Word document to ethnicstudies@cde.ca.gov. You may
contact Kenneth McDonald, Education Programs Consultant, at kmcdonal@cde.ca.gov with any questions regarding this
template or the public input process.
Chapter of
Model
Curriculum

Susan Drapkin
34 year retired teacher
with LAUSD
1 year with Los Angeles
Valley College
Glossary

[Enter the
Chapter
Number here, General
or just
“General” for a
comment that
applies to the
entire
document.]

Comment (include page and line numbers where applicable)

BDS Movement – Your explanation of the movement left off one of the
purposes of the movement: The destruction of Israel. I refer you to their
charter. How does this movement support the ideals of Ethnic Studies??
The new model does not fulfill the ideals of ethnic studies, whereby the
many diverse members of America see themselves and the contributions
they have made to make the dream a reality for all. Some of the lessons are
constructive, but there are glaring examples of propaganda. It seems that
new people hired at CDE have brought their agenda with them. No where
in the document is there any mention of the process of logic.
Having grown up in Boyle Heights, teaching in Watts, Hollywood High and
the Valley, I have always provided opportunities for all my students to
know themselves through art, literature, history and politics and to share
that knowledge with others. I also taught them to QUESTION, READ ALL
OPINIONS and TO CHALLENGE IDEAS. This curriculum ignores these
tenets. I am disappointed. Needs more work.

Public Input Template–2020 Ethnic Studies Model Curriculum
Page 2 of 2
Chapter of
Model
Curriculum

Susan Drapkin
34 year retired teacher
with LAUSD
1 year with Los Angeles
Valley College

California Department of Education, June 2019

Comment (include page and line numbers where applicable)

",2019-10-14,2019-10
10-16-19 Wood.pdf,Comments Received After Field Review,1,1.7363341326710127e-05,"From: Michelle Wood
Sent: Wednesday, October 16, 2019 11:29 AM
To: Ethnic Studies
Subject: Public Comment

Public Input Template–2020 Ethnic Studies Model Curriculum
May 2019 Draft
(Download and use to provide specific recommendations)
Include the chapter of the model curriculum, the page number, and line number(s) to ensure that the California
Department of Education and Instructional Quality Commission can reference the content of the document when
reviewing your comments. Please email this document as a Word document to ethnicstudies@cde.ca.gov. You may
contact Kenneth McDonald, Education Programs Consultant, at kmcdonal@cde.ca.gov with any questions regarding this
template or the public input process.
Chapter of
Your Name and Affiliation
Model
Michelle Wood
Curriculum
[Enter the
Entire document
Chapter
Number here,
or just
“General” for a
comment that
applies to the
entire
document.]

California Department of Education, June 2019

Comment (include page and line numbers where applicable)

[Include the page and line number(s) here–Write your comment here]
I disagree with this curriculum it does not represent the values of what I teach my
grandchildren. It equates capitalism with white nationalism, racism and requires
students to read a the book convicted murderer of a police officer who resides in
Cuba to avoid justice. This represents no constitutional rights as granted in the
founding documents and the Bill of Rights. I vote no on this program.

",2019-10-16,2019-10
